onset	duration	trial_type	value	sample
12.528	5	10.00	1	3132
23.52	5	7.50	4	5880
34.528	5	8.57	5	8632
45.468	5	12.00	2	11367
56.476	5	6.66	3	14119
67.468	5	7.50	4	16867
78.476	5	12.00	2	19619
89.484	5	10.00	1	22371
100.492	5	7.50	4	25123
111.5	5	8.57	5	27875
122.508	5	6.66	3	30627
133.516	5	12.00	2	33379
183.588	5	10.00	1	45897
194.596	5	8.57	5	48649
205.536	5	7.50	4	51384
216.544	5	10.00	1	54136
227.536	5	6.66	3	56884
238.544	5	7.50	4	59636
249.552	5	12.00	2	62388
260.56	5	8.57	5	65140
271.568	5	10.00	1	67892
282.576	5	6.66	3	70644
293.584	5	8.57	5	73396
304.592	5	6.66	3	76148
315.532	5	8.57	5	78883
